{
    "information": 1.0,
    "use": 0.7842214956831175,
    "datum": 0.7211500937722358,
    "service": 0.6353569160681276,
    "website": 0.6338901733414015,
    "privacy": 0.5309287148510945,
    "provide": 0.4854450711496104,
    "site": 0.4713419003884134,
    "include": 0.45498761946360244,
    "policy": 0.44089918731060596,
    "user": 0.40072022769333104,
    "cookie": 0.3585383330321838,
    "party": 0.35251330269095,
    "purpose": 0.35073895599892785,
    "collect": 0.3428097957966305,
    "email": 0.336150495185624,
    "contact": 0.33200835915632054,
    "company": 0.29978280044633643,
    "address": 0.2943893218901432,
    "order": 0.28514654196853395,
    "request": 0.28193016384508246,
    "access": 0.28077105405915603,
    "process": 0.2751052185447654,
    "time": 0.2630210616937868,
    "law": 0.25634570417920993,
    "web": 0.25611925540900343,
    "browser": 0.24564033404464508,
    "visit": 0.24526157668497794,
    "business": 0.2414448330495648,
    "product": 0.23949364758024858,
    "security": 0.23773083285282137,
    "right": 0.23639820611829543,
    "store": 0.23254444767175905,
    "protection": 0.22249662641134868,
    "processing": 0.21364320552149663,
    "relate": 0.21276441901906054,
    "change": 0.21158113264284045,
    "customer": 0.20961110077475253,
    "share": 0.2094877326223668,
    "send": 0.20947633509435246,
    "content": 0.20927647776149289,
    "protect": 0.20235372890356654,
    "google": 0.19930660820591706,
    "receive": 0.19901912216100362,
    "example": 0.19567500340255461,
    "number": 0.19472235391816223,
    "require": 0.194033316353422,
    "detail": 0.19359267142140626,
    "link": 0.18981958058942766,
    "page": 0.18862812449581814,
    "offer": 0.1863959385953167,
    "term": 0.18516984709505008,
    "follow": 0.17738692047969296,
    "state": 0.1746895416164647,
    "interest": 0.17415654725714533,
    "system": 0.17220056285887747,
    "provider": 0.17135209823879027,
    "shall": 0.16849402054261303,
    "help": 0.16845236981312411,
    "mail": 0.1670363964548864,
    "consent": 0.1642615588907627,
    "visitor": 0.16422678017560516,
    "data": 0.16288368125080796,
    "update": 0.16267108243959089,
    "account": 0.16211209754762584,
    "place": 0.16095116801111015,
    "base": 0.1598629483995672,
    "transfer": 0.1582495790881646,
    "disclose": 0.15766485369696923,
    "event": 0.15664804432960214,
    "person": 0.1548421943406297,
    "allow": 0.15318133568193643,
    "regard": 0.15218475545837698,
    "advertising": 0.1519555860992658,
    "set": 0.14997681727176382,
    "activity": 0.14945263991034283,
    "need": 0.14920573024485745,
    "identify": 0.14918792921561808,
    "internet": 0.14545088393313663,
    "ensure": 0.14496180576589424,
    "marketing": 0.14316231932676918,
    "hold": 0.14288464321138633,
    "form": 0.14239249491962633,
    "type": 0.14205934033909373,
    "notice": 0.14182646557914338,
    "record": 0.14168685239661818,
    "date": 0.14119895952886058,
    "technology": 0.13942457898607805,
    "click": 0.13927034696454996,
    "way": 0.13762424248710087,
    "opt": 0.13758334018164792,
    "track": 0.13660177662283396,
    "server": 0.13510316655757817,
    "facebook": 0.1324144776750624,
    "practice": 0.13204251250835639,
    "purchase": 0.13187332200391097,
    "computer": 0.13151367478082035,
    "payment": 0.13070754908653823,
    "case": 0.13010552489127816,
    "child": 0.13003372162381582,
    "maintain": 0.12995585155868236,
    "credit": 0.12976629920664864,
    "member": 0.12925974030843818,
    "obtain": 0.12815150764973512,
    "know": 0.12700667620754488,
    "limit": 0.12685098149802562,
    "condition": 0.12632121439918753,
    "section": 0.1252972710388632,
    "office": 0.12514879774656607,
    "ask": 0.12465916831015052,
    "ad": 0.12401694351934212,
    "list": 0.12390593341408158,
    "device": 0.12264512898494503,
    "network": 0.12255547516295599,
    "find": 0.12243868958383061,
    "communication": 0.12243612367127503,
    "group": 0.1220357929413502,
    "ip": 0.12127180987993644,
    "collection": 0.12106509127748143,
    "enable": 0.12065820540286967,
    "register": 0.12016507749273778,
    "post": 0.11986212243163749,
    "feature": 0.11939103247704377,
    "partner": 0.11898607070778718,
    "improve": 0.11888849380157657,
    "health": 0.11868078953394472,
    "p\u00c3\u00a1gina": 0.11733464987719545,
    "file": 0.11726129008460874,
    "agree": 0.11689387432885423,
    "connection": 0.11673561391363818,
    "control": 0.11666835741825012,
    "regulation": 0.11480941845043906,
    "view": 0.11462774794841503,
    "apply": 0.11365726425071808,
    "submit": 0.11266979143071863,
    "e": 0.11219962683718948,
    "affiliate": 0.11206673194577486,
    "operate": 0.11185077865660527,
    "application": 0.11180404564812423,
    "message": 0.11106859130075412,
    "create": 0.11082836132945159,
    "concern": 0.11008420646716742,
    "disclosure": 0.10929210295665569,
    "prevent": 0.1092322284062064,
    "mean": 0.10911388133861613,
    "comment": 0.1086307673003403,
    "choose": 0.10862653635600553,
    "work": 0.10798905518025004,
    "preference": 0.10788689394766532,
    "compliance": 0.10778077360620615,
    "transaction": 0.10669990720914281,
    "controller": 0.10643880952252951,
    "refer": 0.10563100131035144,
    "manage": 0.10494497054812764,
    "log": 0.10405080513189088,
    "provision": 0.1036351765913892,
    "newsletter": 0.10288093497197948,
    "claim": 0.10285254534949702,
    "contain": 0.10266226739763226,
    "comply": 0.10217707362582638,
    "card": 0.10129105936393872,
    "authority": 0.10034293608120938,
    "material": 0.09937359601098535,
    "setting": 0.0992406413571257,
    "survey": 0.09827053868316091,
    "notify": 0.0979734183209227,
    "area": 0.09792788037816617,
    "platform": 0.09742055956713634,
    "obligation": 0.09673033128149885,
    "describe": 0.09627612670875385,
    "code": 0.0962517867714659,
    "operator": 0.09553754037997451,
    "phone": 0.09537646753930784,
    "complaint": 0.09500594584489365,
    "locate": 0.09488929580906331,
    "reason": 0.0944935907032561,
    "software": 0.09419829617178328,
    "version": 0.09308295621939065,
    "review": 0.09298590888338204,
    "location": 0.09234447953091783,
    "understand": 0.09232055644841523,
    "result": 0.09173186831940539,
    "gdpr": 0.09136428330066576,
    "requirement": 0.0912671648327941,
    "basis": 0.09086884827304785,
    "individual": 0.090774489858863,
    "display": 0.09068690793190037,
    "period": 0.09018529574981009,
    "year": 0.08977925273127257,
    "act": 0.08973999008052903,
    "downloadsafer": 0.08971937653364082,
    "report": 0.08947018830890985,
    "action": 0.08942897783083092,
    "management": 0.08896306004006922,
    "measure": 0.088887142438428,
    "profile": 0.08823865590664501,
    "question": 0.08779476724231011,
    "respond": 0.08766987483545859,
    "accordance": 0.08644573767757242,
    "organization": 0.08641879974670894,
    "note": 0.08620952709983612,
    "contract": 0.08603097603521594,
    "statement": 0.08589392521492516,
    "believe": 0.08560925429394353,
    "people": 0.08491656347926352,
    "risk": 0.08488502765174723,
    "enter": 0.08410037230020374,
    "circumstance": 0.08403797961875713,
    "age": 0.08381637433937122,
    "analytic": 0.08381104027341417,
    "program": 0.0836681023455745,
    "tool": 0.08331235922151982,
    "country": 0.0832944034719309,
    "serve": 0.08319913800927625,
    "sale": 0.08292104372607162,
    "property": 0.0825837943091965,
    "subject": 0.08258070013793872,
    "support": 0.08238044731346228,
    "el": 0.08214510539893827,
    "ltd": 0.08210022968582348,
    "effort": 0.08194561587711888,
    "respect": 0.08188873631273198,
    "copy": 0.08185801676790097,
    "advertisement": 0.08164798049170699,
    "day": 0.08124632687667918,
    "safeguard": 0.08084459452594883,
    "experience": 0.08070566944051724,